{
  "accuracy": 0.8211,
  "test_size": 123,
  "train_size": 491,
  "categorical_features": [
    "Gender",
    "Married",
    "Dependents",
    "Education",
    "Self_Employed",
    "Property_Area"
  ],
  "numeric_features": [
    "ApplicantIncome",
    "CoapplicantIncome",
    "LoanAmount",
    "Loan_Amount_Term",
    "Credit_History"
  ],
  "classification_report": {
    "0": {
      "precision": 0.8076923076923077,
      "recall": 0.5526315789473685,
      "f1-score": 0.65625,
      "support": 38.0
    },
    "1": {
      "precision": 0.8247422680412371,
      "recall": 0.9411764705882353,
      "f1-score": 0.8791208791208791,
      "support": 85.0
    },
    "accuracy": 0.8211382113821138,
    "macro avg": {
      "precision": 0.8162172878667724,
      "recall": 0.7469040247678018,
      "f1-score": 0.7676854395604396,
      "support": 123.0
    },
    "weighted avg": {
      "precision": 0.8194748006163646,
      "recall": 0.8211382113821138,
      "f1-score": 0.8102664611810954,
      "support": 123.0
    }
  },
  "mlflow": {
    "enabled": true,
    "tracking_uri": "sqlite:////Users/ayaulymnurtaza/Downloads/loan_approval_project/mlflow.db",
    "experiment_name": "loan-approval-experiment",
    "registered_model_name": "loan-approval-model",
    "model_version": 1,
    "run_id": "544b1a9c20ba4721a1de20015795c669",
    "model_uri": "models:/m-0ddbee40a78e46169743d4852b7d46ff"
  }
}